ID,Age,Sex,Region,Income,Married,Children,Car,SaveAcct,CheqAcct,Mortgage,SSA
ID12101,45,FEMALE,TOWN,26948,NO,0,NO,YES,YES,YES,NO
ID12102,61,MALE,INNER_CITY,49456.7,YES,1,YES,YES,YES,YES,YES
ID12103,30,FEMALE,INNER_CITY,14724.5,YES,0,YES,NO,YES,NO,NO
ID12104,58,FEMALE,TOWN,34524.9,YES,2,YES,YES,NO,NO,YES
ID12105,50,FEMALE,TOWN,22052.1,NO,3,NO,YES,YES,NO,YES
ID12106,30,MALE,INNER_CITY,27808.1,NO,3,NO,NO,YES,NO,NO
ID12107,29,FEMALE,INNER_CITY,12591.4,YES,1,NO,YES,YES,NO,NO
ID12108,35,MALE,INNER_CITY,16394.4,YES,1,NO,YES,YES,NO,YES
ID12109,62,MALE,INNER_CITY,24026.1,YES,0,NO,NO,YES,YES,YES
ID12110,36,MALE,INNER_CITY,31683.1,YES,1,YES,YES,YES,NO,YES
ID12111,25,FEMALE,INNER_CITY,15525,YES,0,NO,YES,YES,NO,NO
ID12112,66,FEMALE,TOWN,22562.2,NO,0,YES,YES,YES,YES,NO
ID12113,30,MALE,SUBURBAN,15848.7,YES,0,YES,YES,NO,YES,NO
ID12114,54,FEMALE,INNER_CITY,31095.6,YES,2,NO,NO,YES,NO,YES
ID12115,37,MALE,TOWN,24814.5,YES,1,YES,NO,YES,YES,YES
ID12116,28,FEMALE,INNER_CITY,25429.3,NO,2,NO,YES,YES,YES,NO
ID12117,53,FEMALE,RURAL,34866.5,NO,0,NO,NO,YES,NO,YES
ID12118,61,MALE,INNER_CITY,42579.1,YES,2,YES,YES,YES,NO,NO
ID12119,61,FEMALE,INNER_CITY,41127.4,YES,0,YES,YES,NO,NO,NO
ID12120,18,FEMALE,INNER_CITY,9990.11,YES,0,NO,YES,YES,NO,NO
ID12121,22,MALE,INNER_CITY,7948.62,YES,1,NO,NO,NO,YES,NO
ID12122,34,MALE,TOWN,30870.8,YES,2,YES,YES,YES,YES,YES
ID12123,35,FEMALE,INNER_CITY,12125.8,NO,2,NO,YES,YES,NO,NO
ID12124,18,FEMALE,RURAL,15348.9,YES,0,YES,NO,YES,NO,NO
ID12125,54,MALE,INNER_CITY,26707.9,YES,1,NO,YES,YES,YES,YES
ID12126,27,FEMALE,INNER_CITY,11604.4,YES,2,YES,YES,YES,NO,NO
ID12127,42,MALE,INNER_CITY,15499.9,YES,0,YES,NO,YES,YES,YES
ID12128,43,MALE,TOWN,33088.5,NO,0,NO,YES,YES,YES,NO
ID12129,64,FEMALE,INNER_CITY,34513.6,YES,1,NO,YES,YES,NO,YES
ID12130,43,MALE,TOWN,32395.5,YES,3,YES,YES,YES,NO,NO
ID12131,49,MALE,RURAL,46633,YES,0,YES,YES,NO,NO,NO
ID12132,23,MALE,INNER_CITY,13039.9,YES,0,NO,NO,YES,NO,NO
ID12133,23,MALE,INNER_CITY,12681.9,NO,0,NO,YES,YES,NO,YES
ID12134,30,FEMALE,INNER_CITY,24031.5,YES,2,YES,YES,YES,YES,NO
ID12135,36,MALE,TOWN,37330.5,NO,2,NO,YES,YES,NO,YES
ID12136,34,MALE,INNER_CITY,25333.2,YES,3,YES,NO,NO,YES,NO
ID12137,51,FEMALE,INNER_CITY,37094.2,YES,0,YES,NO,YES,NO,NO
ID12138,36,MALE,TOWN,33630.6,NO,2,YES,YES,YES,NO,YES
ID12139,56,MALE,INNER_CITY,43228.2,YES,1,YES,YES,YES,NO,YES
ID12140,54,FEMALE,INNER_CITY,47796.8,YES,0,NO,YES,YES,NO,NO
ID12141,56,FEMALE,TOWN,21730.3,YES,2,NO,YES,NO,NO,NO
ID12142,26,MALE,INNER_CITY,10044.1,YES,3,NO,YES,YES,YES,NO
ID12143,39,MALE,TOWN,17270.1,NO,0,YES,NO,NO,NO,YES
ID12144,64,FEMALE,RURAL,45765,YES,3,YES,YES,YES,NO,YES
ID12145,46,MALE,RURAL,29525.5,NO,2,NO,YES,NO,YES,NO
ID12146,62,FEMALE,RURAL,54863.8,YES,1,YES,YES,YES,NO,YES
ID12147,36,FEMALE,TOWN,20799,YES,1,NO,YES,NO,YES,YES
ID12148,35,FEMALE,RURAL,33028.3,NO,1,NO,YES,YES,NO,YES
ID12149,47,MALE,RURAL,45031.9,NO,3,YES,YES,NO,NO,YES
ID12150,47,MALE,INNER_CITY,39010.8,YES,2,NO,NO,YES,NO,YES
ID12151,37,FEMALE,TOWN,25257.7,YES,0,YES,YES,YES,NO,NO
ID12152,48,FEMALE,INNER_CITY,42603.9,YES,0,NO,YES,YES,NO,NO
ID12153,41,MALE,TOWN,14092.7,YES,3,YES,YES,YES,NO,NO
ID12154,27,FEMALE,RURAL,21350.3,NO,0,YES,YES,YES,NO,YES
ID12155,43,MALE,INNER_CITY,23246.4,NO,2,NO,NO,YES,NO,NO
ID12156,61,MALE,RURAL,41609.5,YES,3,NO,YES,YES,YES,NO
ID12157,52,FEMALE,SUBURBAN,16716.1,NO,2,YES,YES,YES,NO,NO
ID12158,64,FEMALE,SUBURBAN,36436.4,YES,0,YES,NO,YES,NO,NO
ID12159,66,FEMALE,TOWN,59503.8,YES,2,YES,YES,YES,YES,YES
ID12160,53,FEMALE,TOWN,31334.8,YES,1,YES,YES,YES,NO,YES
ID12161,20,FEMALE,INNER_CITY,14048.9,YES,2,YES,NO,YES,YES,NO
ID12162,57,FEMALE,INNER_CITY,39205.3,NO,0,NO,YES,YES,NO,YES
ID12163,65,FEMALE,RURAL,42173.9,YES,0,NO,YES,YES,NO,NO
ID12164,64,FEMALE,INNER_CITY,55263,NO,1,NO,YES,YES,NO,YES
ID12165,52,MALE,INNER_CITY,37095.2,YES,3,NO,YES,YES,NO,NO
ID12166,47,FEMALE,INNER_CITY,22791.4,YES,0,NO,NO,YES,NO,NO
ID12167,28,FEMALE,TOWN,17240.6,YES,1,YES,NO,NO,YES,NO
ID12168,64,MALE,TOWN,48974.8,YES,0,YES,YES,YES,YES,NO
ID12169,25,MALE,INNER_CITY,18923,YES,1,NO,YES,YES,NO,YES
ID12170,58,MALE,SUBURBAN,51204.2,YES,0,NO,YES,NO,YES,YES
ID12171,34,MALE,TOWN,20236.2,YES,2,YES,NO,YES,NO,NO
ID12172,20,FEMALE,INNER_CITY,18860.3,NO,2,NO,YES,YES,NO,NO
ID12173,63,MALE,RURAL,25732.5,YES,0,YES,YES,NO,NO,NO
ID12174,30,FEMALE,SUBURBAN,28240.4,YES,3,YES,YES,YES,NO,NO
ID12175,53,MALE,RURAL,28193.6,YES,1,YES,YES,YES,NO,YES
ID12176,43,MALE,TOWN,36432.8,NO,2,YES,NO,YES,NO,YES
ID12177,63,MALE,TOWN,54618.8,YES,2,NO,YES,NO,YES,YES
ID12178,33,MALE,INNER_CITY,24760.8,YES,1,NO,YES,YES,YES,YES
ID12179,41,MALE,RURAL,23356.1,NO,2,YES,NO,NO,NO,NO
ID12180,20,FEMALE,SUBURBAN,8143.75,YES,2,NO,YES,YES,NO,YES
ID12181,50,MALE,TOWN,26462.5,YES,0,YES,YES,YES,NO,NO
ID12182,24,MALE,RURAL,20467.3,YES,2,YES,YES,YES,NO,NO
ID12183,60,FEMALE,TOWN,21506.2,YES,0,NO,NO,YES,NO,YES
ID12184,44,FEMALE,TOWN,15315.3,YES,1,NO,YES,YES,NO,YES
ID12185,23,MALE,INNER_CITY,18875.7,YES,2,YES,YES,YES,NO,NO
ID12186,40,FEMALE,INNER_CITY,12977.2,YES,0,NO,NO,NO,NO,NO
ID12187,49,FEMALE,TOWN,20708.5,NO,3,NO,NO,YES,NO,NO
ID12188,21,FEMALE,TOWN,7549.38,NO,1,YES,NO,YES,NO,NO
ID12189,40,FEMALE,INNER_CITY,24904,YES,0,NO,NO,NO,NO,NO
ID12190,26,MALE,RURAL,24071.8,YES,1,NO,NO,YES,YES,YES
ID12191,20,MALE,TOWN,9589.91,NO,1,NO,YES,YES,YES,NO
ID12192,24,MALE,INNER_CITY,8562.86,NO,1,NO,NO,NO,YES,NO
ID12193,37,FEMALE,TOWN,26707.5,NO,0,YES,YES,YES,NO,NO
ID12194,56,MALE,INNER_CITY,34020.5,YES,0,NO,NO,YES,NO,NO
ID12195,52,MALE,INNER_CITY,49175.7,YES,0,YES,YES,YES,NO,NO
ID12196,22,MALE,INNER_CITY,19726.3,YES,2,NO,NO,YES,NO,NO
ID12197,35,MALE,INNER_CITY,24346.6,YES,3,YES,YES,YES,NO,NO
ID12198,34,MALE,RURAL,26999.4,YES,1,YES,YES,YES,NO,YES
ID12199,67,FEMALE,TOWN,41558.1,YES,2,NO,YES,YES,NO,YES
ID12200,58,FEMALE,INNER_CITY,56340.3,NO,0,NO,YES,YES,NO,YES
ID12201,40,MALE,TOWN,37558.5,YES,0,YES,YES,YES,NO,NO
ID12202,41,FEMALE,INNER_CITY,30099.3,YES,0,YES,YES,YES,YES,YES
ID12203,43,MALE,INNER_CITY,15254.8,YES,0,NO,NO,NO,NO,YES
ID12204,63,MALE,INNER_CITY,36086.1,YES,2,NO,NO,YES,NO,YES
ID12205,22,FEMALE,INNER_CITY,17655,YES,1,NO,YES,YES,YES,YES
ID12206,60,MALE,RURAL,56658.9,NO,0,NO,YES,YES,NO,YES
ID12207,65,FEMALE,INNER_CITY,37706.5,NO,0,YES,YES,YES,YES,NO
ID12208,48,FEMALE,INNER_CITY,18516,YES,2,YES,YES,YES,YES,NO
ID12209,38,FEMALE,INNER_CITY,29622,NO,0,YES,YES,NO,YES,NO
ID12210,49,MALE,RURAL,32669.9,YES,1,YES,YES,YES,YES,YES
ID12211,20,FEMALE,INNER_CITY,18275.5,YES,0,NO,NO,NO,YES,YES
ID12212,48,FEMALE,TOWN,34410,YES,1,NO,NO,YES,NO,YES
ID12213,38,MALE,INNER_CITY,34866.9,YES,2,YES,NO,YES,YES,NO
ID12214,41,FEMALE,INNER_CITY,21796.6,YES,0,NO,NO,YES,NO,NO
ID12215,67,FEMALE,SUBURBAN,63130.1,YES,2,YES,YES,YES,NO,YES
ID12216,39,MALE,INNER_CITY,14996.4,YES,1,YES,YES,NO,NO,NO
ID12217,64,FEMALE,RURAL,49024.9,YES,3,NO,YES,YES,NO,YES
ID12218,41,MALE,INNER_CITY,16249.8,YES,0,YES,NO,YES,YES,YES
ID12219,55,MALE,SUBURBAN,36192.1,YES,2,YES,NO,YES,NO,YES
ID12220,52,MALE,INNER_CITY,17839.9,YES,1,NO,YES,NO,YES,YES
ID12221,30,FEMALE,INNER_CITY,18802.4,NO,0,NO,NO,YES,YES,YES
ID12222,52,MALE,INNER_CITY,48720.3,YES,2,YES,YES,YES,NO,YES
ID12223,26,MALE,INNER_CITY,14585.9,NO,2,NO,NO,YES,YES,NO
ID12224,26,FEMALE,INNER_CITY,20819,YES,0,NO,YES,YES,NO,YES
ID12225,46,MALE,TOWN,26077.8,YES,1,YES,YES,YES,NO,YES
ID12226,46,FEMALE,TOWN,41627.1,YES,0,NO,YES,YES,YES,NO
ID12227,52,MALE,INNER_CITY,16977.3,YES,0,NO,NO,YES,NO,NO
ID12228,37,MALE,INNER_CITY,19012.8,NO,3,YES,NO,YES,NO,NO
ID12229,22,MALE,INNER_CITY,12764.8,YES,1,NO,YES,YES,YES,YES
ID12230,18,MALE,INNER_CITY,14388.6,NO,0,YES,NO,YES,YES,YES
ID12231,63,MALE,INNER_CITY,59409.1,NO,0,YES,YES,YES,NO,YES
ID12232,25,FEMALE,INNER_CITY,14960.2,YES,0,NO,YES,YES,YES,NO
ID12233,67,MALE,INNER_CITY,39666.6,YES,0,YES,YES,YES,NO,NO
ID12234,27,MALE,INNER_CITY,20771.9,NO,0,NO,YES,NO,NO,YES
ID12235,61,MALE,INNER_CITY,24474.1,NO,0,YES,NO,NO,NO,YES
ID12236,58,MALE,TOWN,33123.7,YES,1,YES,YES,YES,NO,YES
ID12237,22,MALE,INNER_CITY,14433.4,YES,0,YES,YES,YES,NO,YES
ID12238,28,MALE,TOWN,13175.5,NO,1,NO,NO,YES,NO,YES
ID12239,23,MALE,INNER_CITY,9824.37,YES,0,NO,YES,YES,NO,NO
ID12240,27,MALE,SUBURBAN,17610.3,YES,0,NO,YES,YES,NO,NO
ID12241,27,FEMALE,SUBURBAN,15156.2,YES,0,YES,NO,YES,NO,NO
ID12242,40,FEMALE,INNER_CITY,31774.1,YES,3,YES,YES,YES,YES,NO
ID12243,39,MALE,TOWN,31693.5,NO,0,YES,YES,NO,NO,YES
ID12244,35,FEMALE,INNER_CITY,28598.7,YES,0,YES,YES,YES,NO,NO
ID12245,37,FEMALE,INNER_CITY,26261.7,NO,2,YES,NO,NO,NO,NO
ID12246,47,MALE,INNER_CITY,42124.1,YES,2,NO,YES,YES,NO,YES
ID12247,42,FEMALE,INNER_CITY,39308.7,YES,1,NO,YES,YES,NO,YES
ID12248,67,FEMALE,INNER_CITY,43530,YES,0,NO,YES,YES,YES,NO
ID12249,57,MALE,RURAL,49874.4,YES,3,NO,YES,YES,NO,YES
ID12250,47,FEMALE,RURAL,27434.8,NO,0,YES,YES,YES,NO,YES
ID12251,67,MALE,INNER_CITY,50474.6,YES,2,YES,YES,YES,NO,YES
ID12252,56,MALE,TOWN,24888.2,NO,0,NO,YES,YES,NO,YES
ID12253,37,MALE,RURAL,28021.6,NO,0,YES,NO,YES,YES,YES
ID12254,27,MALE,INNER_CITY,12279.5,NO,0,YES,NO,NO,NO,YES
ID12255,59,FEMALE,INNER_CITY,30189.4,YES,0,YES,NO,YES,YES,YES
ID12256,31,MALE,INNER_CITY,28969.4,NO,1,NO,NO,YES,YES,NO
ID12257,31,MALE,SUBURBAN,14058.5,YES,0,NO,NO,YES,YES,YES
ID12258,32,FEMALE,TOWN,30404.3,YES,0,YES,YES,YES,NO,NO
ID12259,57,FEMALE,RURAL,41438.2,NO,3,NO,YES,NO,NO,NO
ID12260,49,FEMALE,INNER_CITY,16711.3,NO,1,NO,YES,YES,YES,YES
ID12261,65,MALE,TOWN,52255.9,NO,2,YES,YES,YES,NO,YES
ID12262,22,FEMALE,INNER_CITY,17866.9,YES,2,NO,YES,YES,YES,NO
ID12263,26,FEMALE,RURAL,18067.5,YES,2,NO,YES,NO,NO,NO
ID12264,23,MALE,INNER_CITY,12823.7,YES,0,YES,YES,YES,NO,NO
ID12265,26,FEMALE,RURAL,11299.3,YES,2,YES,NO,NO,NO,NO
ID12266,59,FEMALE,INNER_CITY,56031.1,NO,0,YES,YES,YES,NO,YES
ID12267,67,MALE,INNER_CITY,35263.5,YES,1,YES,YES,YES,NO,YES
ID12268,34,FEMALE,INNER_CITY,19968.1,YES,0,YES,YES,YES,NO,NO
ID12269,50,MALE,RURAL,27825.5,YES,2,YES,YES,NO,NO,NO
ID12270,46,MALE,SUBURBAN,37773.9,NO,0,YES,YES,YES,YES,NO
ID12271,23,FEMALE,INNER_CITY,7606.25,NO,3,YES,NO,NO,NO,NO
ID12272,26,MALE,RURAL,21384.4,YES,0,NO,NO,YES,NO,NO
ID12273,40,MALE,TOWN,20347,YES,3,NO,YES,YES,NO,NO
ID12274,36,MALE,TOWN,21332.3,YES,3,YES,NO,YES,NO,NO
ID12275,65,MALE,INNER_CITY,57671.7,NO,0,NO,YES,YES,YES,NO
ID12276,45,FEMALE,TOWN,36057.8,YES,1,YES,YES,YES,YES,YES
ID12277,23,MALE,INNER_CITY,14290.5,YES,2,NO,NO,YES,YES,NO
ID12278,42,FEMALE,TOWN,17882.9,YES,1,NO,NO,NO,NO,YES
ID12279,21,FEMALE,RURAL,10629.1,NO,3,NO,YES,YES,YES,NO
ID12280,62,FEMALE,INNER_CITY,24262.8,NO,0,YES,NO,YES,NO,YES
ID12281,49,FEMALE,SUBURBAN,26097.9,NO,2,NO,YES,YES,NO,NO
ID12282,28,FEMALE,TOWN,23371,YES,2,NO,NO,YES,YES,NO
ID12283,38,FEMALE,TOWN,21495.6,NO,3,NO,NO,YES,YES,NO
ID12284,36,MALE,TOWN,12166.9,NO,0,NO,NO,NO,NO,NO
ID12285,22,MALE,SUBURBAN,17180.2,YES,0,NO,YES,YES,NO,NO
ID12286,40,FEMALE,TOWN,28882.3,YES,1,NO,YES,YES,YES,YES
ID12287,40,FEMALE,TOWN,21612.2,YES,0,NO,NO,YES,NO,NO
ID12288,60,FEMALE,INNER_CITY,46358.4,YES,0,YES,YES,YES,YES,NO
ID12289,23,MALE,INNER_CITY,19166,NO,0,YES,YES,NO,NO,YES
ID12290,21,MALE,INNER_CITY,17921.8,YES,1,YES,NO,NO,NO,YES
ID12291,58,MALE,TOWN,33229,NO,0,YES,YES,YES,NO,YES
ID12292,48,FEMALE,SUBURBAN,30396.1,NO,0,NO,YES,YES,NO,YES
ID12293,63,FEMALE,TOWN,34625.2,YES,0,YES,NO,YES,NO,NO
ID12294,20,MALE,TOWN,16672.8,NO,3,YES,NO,YES,YES,NO
ID12295,67,FEMALE,SUBURBAN,60747.5,NO,2,NO,YES,YES,YES,YES
ID12296,62,FEMALE,INNER_CITY,56394.3,NO,0,YES,YES,YES,NO,YES
ID12297,36,MALE,TOWN,13236.4,YES,0,NO,YES,YES,NO,NO
ID12298,31,MALE,INNER_CITY,28409.4,YES,1,YES,NO,YES,NO,YES
ID12299,42,FEMALE,INNER_CITY,27056.5,YES,0,YES,YES,YES,NO,NO
ID12300,18,MALE,RURAL,9362.58,YES,0,YES,NO,YES,YES,YES
ID12301,46,FEMALE,SUBURBAN,28702.7,NO,1,NO,YES,YES,YES,YES
ID12302,25,MALE,TOWN,22366.1,YES,1,YES,YES,YES,NO,YES
ID12303,65,FEMALE,RURAL,24477.5,NO,0,NO,YES,NO,YES,NO
ID12304,40,MALE,TOWN,36972.4,YES,1,NO,NO,YES,YES,YES
ID12305,32,MALE,INNER_CITY,22327.8,YES,1,NO,NO,NO,NO,YES
ID12306,18,FEMALE,INNER_CITY,15610.2,YES,0,NO,YES,YES,NO,NO
ID12307,64,MALE,INNER_CITY,54314.5,YES,1,YES,YES,NO,NO,YES
ID12308,43,FEMALE,INNER_CITY,39175.8,YES,3,NO,YES,YES,YES,NO
ID12309,22,FEMALE,INNER_CITY,13739,YES,3,NO,YES,YES,NO,NO
ID12310,25,MALE,TOWN,9485.84,YES,0,NO,NO,NO,NO,NO
ID12311,39,MALE,INNER_CITY,24675.7,YES,1,YES,YES,YES,YES,YES
ID12312,58,FEMALE,INNER_CITY,28253.6,YES,3,NO,NO,YES,NO,NO
ID12313,33,MALE,INNER_CITY,14136.5,YES,1,NO,YES,NO,NO,NO
ID12314,52,FEMALE,RURAL,37162.1,YES,1,YES,YES,YES,NO,YES
ID12315,23,MALE,INNER_CITY,13519.2,NO,0,NO,YES,YES,NO,YES
ID12316,44,FEMALE,INNER_CITY,39253.6,NO,0,YES,YES,NO,NO,YES
ID12317,51,MALE,RURAL,46323.8,YES,2,YES,YES,YES,YES,YES
ID12318,26,FEMALE,TOWN,20950.7,YES,0,NO,YES,YES,NO,NO
ID12319,42,MALE,TOWN,22495.7,YES,0,NO,YES,NO,YES,NO
ID12320,34,MALE,TOWN,32548.9,YES,0,YES,YES,YES,YES,NO
ID12321,54,FEMALE,RURAL,24583.4,NO,2,YES,YES,YES,YES,NO
ID12322,18,MALE,RURAL,8639.24,YES,2,NO,NO,NO,NO,NO
ID12323,47,FEMALE,INNER_CITY,17139.5,NO,2,YES,NO,YES,NO,NO
ID12324,24,FEMALE,INNER_CITY,13667.7,YES,0,NO,YES,YES,NO,NO
ID12325,19,FEMALE,INNER_CITY,8162.42,YES,1,YES,YES,YES,YES,NO
ID12326,37,FEMALE,TOWN,15349.6,YES,0,NO,YES,NO,NO,NO
ID12327,45,FEMALE,TOWN,29231.4,YES,0,NO,YES,NO,NO,NO
ID12328,49,MALE,RURAL,41462.3,YES,3,NO,YES,YES,YES,NO
ID12329,67,FEMALE,RURAL,57398.1,NO,3,NO,YES,YES,NO,YES
ID12330,35,FEMALE,RURAL,11520.8,YES,0,NO,NO,YES,NO,NO
ID12331,63,MALE,INNER_CITY,52117.3,NO,2,YES,YES,YES,NO,YES
ID12332,38,MALE,RURAL,26281.4,NO,0,YES,YES,YES,NO,YES
ID12333,48,MALE,TOWN,25683.4,NO,2,YES,YES,YES,NO,NO
ID12334,28,FEMALE,INNER_CITY,11920.7,NO,1,NO,YES,YES,NO,NO
ID12335,46,MALE,TOWN,30658.7,YES,0,NO,YES,YES,NO,NO
ID12336,66,MALE,INNER_CITY,36646.4,NO,1,NO,YES,YES,NO,YES
ID12337,61,FEMALE,TOWN,30760.4,NO,2,YES,NO,YES,NO,YES
ID12338,18,FEMALE,RURAL,16109.9,NO,2,YES,YES,YES,NO,NO
ID12339,54,FEMALE,TOWN,18036.7,YES,0,YES,YES,NO,NO,NO
ID12340,45,MALE,RURAL,42628.3,NO,0,YES,YES,YES,YES,NO
ID12341,60,MALE,INNER_CITY,22110.1,NO,2,YES,YES,YES,NO,NO
ID12342,45,FEMALE,TOWN,37689.1,NO,1,NO,YES,YES,YES,YES
ID12343,31,FEMALE,INNER_CITY,23171.8,NO,2,NO,YES,NO,NO,NO
ID12344,39,MALE,SUBURBAN,21951.3,NO,0,YES,YES,YES,YES,NO
ID12345,53,MALE,INNER_CITY,38103.4,NO,2,YES,YES,YES,NO,YES
ID12346,35,MALE,RURAL,22882.9,YES,0,YES,NO,NO,YES,YES
ID12347,25,FEMALE,TOWN,11043.7,YES,1,YES,YES,NO,YES,NO
ID12348,32,MALE,TOWN,24027.6,NO,0,NO,YES,YES,NO,YES
ID12349,36,MALE,SUBURBAN,28495.1,YES,0,NO,YES,YES,NO,NO
ID12350,24,FEMALE,TOWN,9465.21,NO,0,NO,NO,YES,NO,YES
ID12351,39,MALE,INNER_CITY,34852.3,YES,1,NO,YES,NO,YES,YES
ID12352,24,MALE,INNER_CITY,21268.4,YES,0,NO,NO,YES,YES,YES
ID12353,57,FEMALE,RURAL,50849.2,NO,1,NO,YES,NO,YES,YES
ID12354,27,FEMALE,TOWN,18555.9,YES,3,NO,NO,YES,NO,NO
ID12355,66,FEMALE,RURAL,52769.9,YES,3,YES,YES,YES,NO,YES
ID12356,18,FEMALE,INNER_CITY,11601.4,YES,2,NO,YES,YES,YES,NO
ID12357,33,FEMALE,TOWN,29541.7,YES,0,NO,YES,NO,NO,NO
ID12358,48,MALE,SUBURBAN,17861,YES,2,NO,YES,YES,NO,NO
ID12359,23,FEMALE,SUBURBAN,21042,YES,1,NO,NO,YES,NO,YES
ID12360,44,MALE,TOWN,26688.1,YES,1,NO,YES,NO,YES,YES
ID12361,39,MALE,INNER_CITY,26900.6,YES,2,NO,NO,NO,YES,NO
ID12362,65,MALE,INNER_CITY,38080.9,YES,1,YES,YES,NO,YES,NO
ID12363,60,MALE,SUBURBAN,37554.1,YES,2,YES,YES,YES,YES,YES
ID12364,20,MALE,INNER_CITY,18184.6,YES,0,NO,NO,YES,YES,YES
ID12365,45,FEMALE,SUBURBAN,28864.9,YES,0,NO,YES,YES,NO,NO
ID12366,66,MALE,RURAL,48346.1,YES,1,YES,YES,NO,NO,YES
ID12367,64,MALE,INNER_CITY,53104.3,YES,0,YES,YES,YES,NO,NO
ID12368,51,FEMALE,INNER_CITY,19416.8,YES,0,NO,YES,YES,NO,NO
ID12369,34,MALE,RURAL,23638.1,YES,2,YES,YES,YES,NO,NO
ID12370,65,FEMALE,TOWN,42378.2,YES,1,NO,YES,YES,NO,YES
ID12371,50,MALE,RURAL,39745.3,YES,0,YES,YES,NO,YES,NO
ID12372,66,FEMALE,INNER_CITY,45189.8,YES,0,NO,YES,NO,NO,NO
ID12373,63,MALE,INNER_CITY,37930.9,YES,0,NO,YES,NO,YES,NO
ID12374,53,FEMALE,INNER_CITY,24042,NO,1,NO,NO,YES,NO,YES
ID12375,33,FEMALE,INNER_CITY,31207.1,NO,0,YES,NO,YES,YES,YES
ID12376,38,MALE,TOWN,24424.3,YES,0,NO,YES,YES,YES,NO
ID12377,56,FEMALE,RURAL,24607.8,NO,1,NO,YES,YES,YES,NO
ID12378,48,MALE,TOWN,43057,NO,1,YES,YES,YES,NO,YES
ID12379,49,FEMALE,SUBURBAN,30198.5,YES,0,YES,NO,YES,YES,YES
ID12380,54,FEMALE,RURAL,50186.1,YES,2,NO,YES,YES,YES,YES
ID12381,41,FEMALE,SUBURBAN,22916.1,YES,0,NO,NO,YES,NO,NO
ID12382,19,MALE,RURAL,9592.73,NO,0,NO,YES,YES,NO,YES
ID12383,52,FEMALE,INNER_CITY,34253.6,NO,3,YES,NO,YES,NO,NO
ID12384,52,FEMALE,INNER_CITY,22792.3,YES,1,YES,YES,NO,NO,YES
ID12385,64,FEMALE,TOWN,51620.8,NO,2,YES,YES,YES,NO,YES
ID12386,56,MALE,TOWN,19918.9,YES,3,NO,YES,YES,YES,NO
ID12387,56,MALE,TOWN,29625.1,YES,2,NO,NO,YES,NO,NO
ID12388,19,FEMALE,TOWN,12549,YES,0,NO,YES,YES,NO,NO
ID12389,56,FEMALE,TOWN,51299.3,YES,1,YES,YES,NO,NO,YES
ID12390,27,MALE,INNER_CITY,17364.8,YES,2,YES,YES,NO,NO,YES
ID12391,59,FEMALE,INNER_CITY,29866.9,NO,1,YES,NO,YES,NO,YES
ID12392,56,MALE,INNER_CITY,47750.2,YES,0,YES,YES,YES,YES,NO
ID12393,21,MALE,TOWN,11281.5,YES,0,NO,YES,YES,YES,NO
ID12394,64,MALE,INNER_CITY,34073.8,YES,3,NO,YES,NO,YES,NO
ID12395,62,MALE,INNER_CITY,46870.4,YES,0,NO,YES,YES,NO,NO
ID12396,44,FEMALE,INNER_CITY,38453.7,NO,2,NO,YES,YES,NO,YES
ID12397,24,FEMALE,INNER_CITY,7756.36,NO,0,NO,NO,NO,NO,YES
ID12398,52,FEMALE,INNER_CITY,28413.8,YES,0,NO,NO,YES,NO,NO
ID12399,67,FEMALE,SUBURBAN,47198.6,YES,2,NO,YES,YES,NO,YES
ID12400,41,MALE,INNER_CITY,20866.3,YES,0,YES,YES,YES,NO,NO
ID12401,58,FEMALE,TOWN,33204.3,NO,1,NO,NO,NO,YES,YES
ID12402,40,MALE,INNER_CITY,24823.5,NO,2,NO,NO,YES,NO,NO
ID12403,19,MALE,SUBURBAN,17986.8,YES,0,NO,NO,YES,YES,YES
ID12404,20,FEMALE,INNER_CITY,9909.82,YES,3,NO,NO,YES,NO,NO
ID12405,56,FEMALE,TOWN,26542.8,NO,0,YES,YES,YES,NO,YES
ID12406,46,FEMALE,INNER_CITY,32583.5,YES,2,YES,YES,YES,NO,NO
ID12407,30,MALE,INNER_CITY,14606.6,YES,1,NO,NO,YES,NO,NO
ID12408,40,FEMALE,TOWN,34836.8,YES,1,YES,YES,YES,NO,YES
ID12409,36,FEMALE,TOWN,26920.8,YES,0,NO,NO,YES,NO,NO
ID12410,57,FEMALE,INNER_CITY,38248.3,NO,3,YES,NO,YES,YES,NO
ID12411,49,MALE,INNER_CITY,15689.1,NO,0,NO,NO,YES,NO,NO
ID12412,61,MALE,INNER_CITY,30157.7,NO,1,YES,NO,NO,NO,YES
ID12413,29,MALE,INNER_CITY,14642.2,NO,0,YES,NO,YES,NO,YES
ID12414,48,FEMALE,INNER_CITY,15933.3,YES,0,NO,YES,NO,NO,NO
ID12415,56,FEMALE,INNER_CITY,44288.3,YES,0,NO,YES,YES,NO,NO
ID12416,40,MALE,TOWN,22197.1,NO,0,YES,NO,YES,NO,YES
ID12417,58,FEMALE,TOWN,38248.3,YES,3,YES,YES,NO,NO,NO
ID12418,60,FEMALE,INNER_CITY,22053.2,YES,2,YES,YES,NO,YES,NO
ID12419,58,FEMALE,SUBURBAN,25468.5,NO,0,YES,NO,NO,YES,YES
ID12420,67,FEMALE,TOWN,23485.9,YES,3,YES,NO,NO,YES,NO
ID12421,40,MALE,RURAL,25768.6,YES,0,YES,YES,NO,NO,NO
ID12422,48,MALE,INNER_CITY,34182.2,YES,2,NO,YES,YES,NO,YES
ID12423,64,FEMALE,INNER_CITY,57444.5,NO,1,NO,YES,YES,NO,YES
ID12424,43,MALE,TOWN,38059.8,YES,0,YES,YES,NO,YES,NO
ID12425,34,FEMALE,RURAL,19481.3,NO,0,NO,NO,YES,YES,YES
ID12426,26,MALE,RURAL,19563.8,NO,3,YES,NO,NO,YES,NO
ID12427,48,MALE,INNER_CITY,38598.4,YES,0,YES,NO,YES,NO,NO
ID12428,35,MALE,INNER_CITY,20754.3,NO,0,NO,NO,NO,YES,YES
ID12429,24,FEMALE,INNER_CITY,13864.6,YES,3,NO,YES,YES,NO,YES
ID12430,47,MALE,SUBURBAN,36599,YES,3,YES,YES,YES,NO,YES
ID12431,52,MALE,SUBURBAN,45856.1,NO,1,NO,YES,YES,NO,YES
ID12432,31,MALE,SUBURBAN,22362.3,NO,0,NO,YES,YES,NO,YES
ID12433,41,FEMALE,SUBURBAN,21984,YES,1,YES,NO,NO,NO,YES
ID12434,23,MALE,SUBURBAN,11073,YES,2,NO,YES,NO,NO,NO
ID12435,27,FEMALE,INNER_CITY,18158.5,NO,1,YES,NO,YES,YES,YES
ID12436,22,MALE,INNER_CITY,7304.2,NO,0,YES,YES,YES,YES,NO
ID12437,67,FEMALE,INNER_CITY,58092,NO,2,YES,YES,YES,NO,YES
ID12438,26,FEMALE,INNER_CITY,16518.6,YES,0,YES,NO,YES,NO,YES
ID12439,58,FEMALE,SUBURBAN,46461.5,YES,0,NO,YES,YES,NO,NO
ID12440,27,MALE,RURAL,20058.7,YES,0,NO,YES,YES,YES,NO
ID12441,36,MALE,INNER_CITY,12533.2,NO,1,NO,YES,NO,YES,NO
ID12442,31,MALE,RURAL,22848.5,YES,1,YES,NO,NO,NO,YES
ID12443,28,FEMALE,TOWN,25699.4,YES,2,YES,YES,NO,NO,YES
ID12444,57,MALE,TOWN,21612.6,YES,0,NO,YES,YES,YES,NO
ID12445,64,MALE,INNER_CITY,48950.9,YES,0,YES,YES,YES,YES,NO
ID12446,49,MALE,INNER_CITY,41438,NO,1,NO,YES,NO,NO,YES
ID12447,22,MALE,INNER_CITY,11411,YES,1,YES,NO,YES,NO,NO
ID12448,58,FEMALE,INNER_CITY,43940.6,YES,0,YES,YES,YES,NO,NO
ID12449,20,MALE,TOWN,17239.5,NO,1,YES,NO,YES,NO,YES
ID12450,44,FEMALE,RURAL,30488.7,YES,0,NO,YES,YES,NO,NO
ID12451,65,FEMALE,TOWN,29866.3,YES,3,NO,YES,NO,NO,NO
ID12452,53,FEMALE,INNER_CITY,32184.4,YES,2,YES,NO,NO,NO,YES
ID12453,34,FEMALE,INNER_CITY,17308.7,YES,1,YES,NO,YES,YES,YES
ID12454,35,MALE,RURAL,27863.9,NO,2,NO,YES,YES,YES,NO
ID12455,48,MALE,TOWN,28920.6,YES,0,NO,YES,NO,YES,NO
ID12456,64,FEMALE,TOWN,58367.3,YES,1,YES,YES,YES,NO,YES
ID12457,46,MALE,TOWN,16849.3,NO,0,YES,YES,YES,YES,NO
ID12458,42,FEMALE,RURAL,28138.5,YES,0,NO,NO,YES,YES,YES
ID12459,47,MALE,INNER_CITY,23038.2,YES,0,YES,YES,NO,NO,NO
ID12460,23,MALE,TOWN,11736.9,NO,2,YES,YES,YES,YES,NO
ID12461,35,MALE,INNER_CITY,16479.5,YES,0,YES,NO,NO,YES,YES
ID12462,64,FEMALE,INNER_CITY,31415.7,NO,1,YES,YES,NO,YES,YES
ID12463,18,FEMALE,SUBURBAN,12117.3,YES,1,NO,NO,YES,NO,NO
ID12464,19,MALE,INNER_CITY,15417.1,YES,1,YES,NO,YES,NO,NO
ID12465,40,MALE,INNER_CITY,29414.6,YES,1,NO,YES,NO,YES,YES
ID12466,47,MALE,INNER_CITY,44682.1,YES,0,YES,YES,YES,NO,NO
ID12467,43,FEMALE,RURAL,36281,YES,0,YES,YES,YES,NO,NO
ID12468,38,MALE,TOWN,33302.8,NO,0,YES,NO,YES,YES,YES
ID12469,21,FEMALE,RURAL,15797.1,YES,0,NO,YES,YES,NO,YES
ID12470,40,MALE,RURAL,31864.8,YES,0,YES,YES,YES,NO,NO
ID12471,52,FEMALE,TOWN,43719.5,YES,0,NO,YES,YES,NO,NO
ID12472,35,FEMALE,TOWN,30799.5,YES,2,NO,NO,YES,NO,YES
ID12473,53,MALE,RURAL,48971.6,YES,3,YES,YES,NO,NO,YES
ID12474,38,FEMALE,RURAL,34061.4,NO,0,YES,YES,YES,NO,YES
ID12475,42,MALE,INNER_CITY,28938.6,YES,3,YES,NO,NO,NO,NO
ID12476,43,MALE,TOWN,38540,NO,0,YES,YES,NO,YES,NO
ID12477,59,FEMALE,INNER_CITY,27045.1,NO,0,NO,NO,YES,NO,YES
ID12478,59,FEMALE,RURAL,51284.3,NO,0,YES,YES,YES,YES,NO
ID12479,24,MALE,INNER_CITY,16352.2,NO,0,NO,YES,YES,YES,NO
ID12480,27,FEMALE,INNER_CITY,11866.4,YES,0,YES,YES,YES,NO,NO
ID12481,32,FEMALE,TOWN,13267.6,YES,0,YES,YES,YES,YES,NO
ID12482,65,FEMALE,INNER_CITY,61554.6,YES,0,NO,YES,YES,NO,NO
ID12483,18,MALE,SUBURBAN,13700.2,NO,1,NO,YES,YES,NO,NO
ID12484,66,MALE,TOWN,46963.9,YES,1,NO,YES,YES,NO,YES
ID12485,41,MALE,INNER_CITY,23475.6,YES,0,YES,NO,YES,YES,YES
ID12486,64,FEMALE,SUBURBAN,24554.1,YES,0,YES,YES,NO,YES,NO
ID12487,23,FEMALE,INNER_CITY,18050,YES,0,YES,NO,YES,YES,YES
ID12488,29,FEMALE,RURAL,15237.6,YES,2,YES,NO,YES,NO,NO
ID12489,28,MALE,TOWN,20555,NO,0,YES,YES,YES,NO,YES
ID12490,57,FEMALE,TOWN,28421.7,YES,2,YES,YES,YES,YES,NO
ID12491,38,MALE,INNER_CITY,21876.5,YES,0,NO,NO,YES,NO,NO
ID12492,34,FEMALE,SUBURBAN,12810.2,NO,3,NO,YES,YES,NO,YES
ID12493,43,MALE,SUBURBAN,15109.4,YES,0,NO,NO,YES,NO,YES
ID12494,63,MALE,TOWN,37414.7,NO,3,YES,YES,YES,NO,NO
ID12495,62,FEMALE,INNER_CITY,41521.6,YES,0,NO,YES,YES,YES,NO
ID12496,51,FEMALE,INNER_CITY,25372.8,YES,0,YES,YES,YES,NO,NO
ID12497,61,MALE,INNER_CITY,21139.8,YES,2,YES,YES,NO,NO,NO
ID12498,41,FEMALE,TOWN,27757.6,NO,0,NO,YES,YES,NO,YES
ID12499,31,FEMALE,TOWN,22678.1,NO,1,YES,YES,YES,YES,YES
ID12500,33,FEMALE,TOWN,12178.5,YES,2,NO,YES,YES,YES,NO
ID12501,43,MALE,RURAL,26106.7,NO,1,NO,NO,YES,NO,YES
ID12502,40,MALE,INNER_CITY,27417.6,YES,0,NO,YES,YES,YES,NO
ID12503,47,MALE,TOWN,23337.2,YES,2,NO,YES,YES,YES,NO
ID12504,46,MALE,TOWN,43395.5,NO,1,YES,YES,YES,NO,YES
ID12505,30,MALE,RURAL,11536.2,YES,2,NO,NO,YES,YES,NO
ID12506,47,MALE,INNER_CITY,44658.6,NO,2,YES,YES,YES,NO,YES
ID12507,44,MALE,RURAL,32762.5,NO,0,NO,YES,YES,YES,NO
ID12508,23,MALE,RURAL,16403.8,YES,0,YES,YES,NO,NO,NO
ID12509,28,FEMALE,INNER_CITY,21184.7,YES,1,YES,YES,YES,NO,YES
ID12510,64,FEMALE,INNER_CITY,49917.3,YES,0,YES,YES,YES,YES,NO
ID12511,35,FEMALE,TOWN,21623.8,YES,0,NO,YES,NO,YES,NO
ID12512,19,MALE,RURAL,16625.9,YES,1,NO,NO,YES,NO,YES
ID12513,27,FEMALE,TOWN,14014.5,YES,3,NO,YES,NO,NO,NO
ID12514,27,MALE,INNER_CITY,20409.3,YES,2,NO,YES,NO,NO,YES
ID12515,58,FEMALE,INNER_CITY,31671.3,YES,1,YES,YES,NO,YES,YES
ID12516,46,FEMALE,TOWN,17149.2,NO,1,YES,YES,YES,NO,YES
ID12517,61,FEMALE,TOWN,27756.3,YES,0,YES,YES,NO,YES,YES
ID12518,59,MALE,INNER_CITY,40949.9,NO,0,NO,YES,YES,NO,YES
ID12519,47,FEMALE,RURAL,43743.2,YES,3,NO,YES,YES,NO,NO
ID12520,44,MALE,INNER_CITY,38459.9,YES,0,NO,NO,NO,YES,YES
ID12521,50,MALE,TOWN,40972.9,NO,2,YES,YES,YES,YES,YES
ID12522,64,MALE,INNER_CITY,46587.9,NO,0,NO,YES,YES,NO,YES
ID12523,51,FEMALE,TOWN,43799.6,NO,0,NO,YES,YES,YES,NO
ID12524,46,FEMALE,TOWN,18912.2,YES,0,YES,NO,YES,NO,YES
ID12525,39,FEMALE,INNER_CITY,27765.8,YES,3,YES,YES,NO,NO,NO
ID12526,58,FEMALE,INNER_CITY,33007.3,NO,1,YES,NO,YES,NO,YES
ID12527,32,FEMALE,TOWN,26325.3,YES,0,YES,NO,NO,NO,NO
ID12528,22,FEMALE,INNER_CITY,15308.2,NO,0,YES,YES,YES,YES,NO
ID12529,63,FEMALE,INNER_CITY,59805.6,YES,1,YES,YES,YES,NO,YES
ID12530,35,FEMALE,TOWN,28658.3,YES,0,YES,YES,YES,NO,NO
ID12531,59,FEMALE,INNER_CITY,23175,YES,0,NO,NO,NO,YES,YES
ID12532,22,FEMALE,SUBURBAN,11595.4,NO,0,YES,YES,YES,NO,YES
ID12533,60,MALE,SUBURBAN,50409.9,NO,2,NO,YES,YES,YES,YES
ID12534,23,FEMALE,RURAL,11215.3,YES,2,YES,YES,YES,NO,YES
ID12535,29,FEMALE,TOWN,13327.8,YES,0,NO,YES,NO,NO,NO
ID12536,44,MALE,INNER_CITY,16088.8,YES,3,NO,YES,YES,NO,NO
ID12537,63,FEMALE,TOWN,43943,YES,0,YES,YES,YES,YES,NO
ID12538,25,FEMALE,RURAL,14505.3,NO,3,NO,YES,YES,NO,NO
ID12539,37,MALE,INNER_CITY,33886.4,NO,0,YES,YES,NO,NO,YES
ID12540,48,FEMALE,INNER_CITY,16662.5,YES,1,NO,YES,YES,NO,YES
ID12541,35,FEMALE,TOWN,20262.6,NO,0,NO,YES,NO,NO,YES
ID12542,51,MALE,TOWN,33615.4,YES,1,NO,YES,NO,YES,YES
ID12543,27,FEMALE,TOWN,22007.1,NO,3,NO,NO,YES,NO,NO
ID12544,56,FEMALE,INNER_CITY,28981.1,YES,3,YES,YES,YES,YES,NO
ID12545,38,FEMALE,INNER_CITY,12163.9,YES,2,YES,NO,YES,NO,YES
ID12546,36,FEMALE,TOWN,17247.7,YES,2,YES,YES,YES,NO,NO
ID12547,27,MALE,SUBURBAN,12683.6,NO,3,NO,YES,YES,YES,NO
ID12548,34,FEMALE,TOWN,16291,YES,0,YES,YES,NO,YES,NO
ID12549,44,MALE,SUBURBAN,18707.3,YES,0,YES,YES,YES,YES,YES
ID12550,43,FEMALE,INNER_CITY,19326.9,YES,1,NO,NO,YES,NO,YES
ID12551,32,MALE,INNER_CITY,14511.8,NO,2,NO,YES,NO,YES,NO
ID12552,21,FEMALE,TOWN,10672,NO,1,NO,YES,YES,YES,NO
ID12553,30,FEMALE,INNER_CITY,25830.5,YES,2,NO,NO,YES,NO,NO
ID12554,55,MALE,RURAL,43499.5,YES,1,YES,YES,YES,NO,NO
ID12555,64,MALE,SUBURBAN,59175.1,YES,1,NO,YES,YES,NO,YES
ID12556,36,FEMALE,INNER_CITY,27642.9,NO,1,YES,NO,NO,NO,YES
ID12557,59,MALE,INNER_CITY,30067.5,NO,1,NO,YES,YES,NO,YES
ID12558,60,MALE,INNER_CITY,29714.4,YES,0,YES,NO,YES,YES,YES
ID12559,27,FEMALE,TOWN,13950.4,NO,1,YES,YES,YES,YES,NO
ID12560,29,MALE,INNER_CITY,10072.6,YES,0,NO,NO,YES,NO,NO
ID12561,53,FEMALE,INNER_CITY,37850.6,NO,1,NO,YES,YES,NO,YES
ID12562,61,FEMALE,RURAL,57176.4,NO,2,NO,YES,YES,NO,YES
ID12563,43,FEMALE,INNER_CITY,38784,YES,0,NO,YES,YES,NO,NO
ID12564,19,MALE,INNER_CITY,10191.8,YES,0,NO,YES,YES,YES,YES
ID12565,48,FEMALE,INNER_CITY,21821.4,YES,1,YES,YES,NO,YES,YES
ID12566,39,MALE,RURAL,37389,YES,2,NO,YES,YES,NO,YES
ID12567,32,MALE,INNER_CITY,14627.9,YES,2,YES,YES,YES,NO,NO
ID12568,63,MALE,SUBURBAN,48770.5,YES,1,YES,YES,NO,YES,YES
ID12569,46,MALE,RURAL,21096.2,YES,1,YES,YES,YES,NO,YES
ID12570,40,MALE,INNER_CITY,36256.9,NO,0,NO,NO,YES,YES,YES
ID12571,27,FEMALE,INNER_CITY,15281.8,NO,0,YES,NO,NO,YES,YES
ID12572,22,MALE,SUBURBAN,9316.98,YES,2,YES,YES,YES,NO,NO
ID12573,42,MALE,RURAL,20736.2,YES,1,YES,YES,YES,NO,YES
ID12574,58,FEMALE,TOWN,52662.5,YES,1,YES,YES,YES,YES,YES
ID12575,23,FEMALE,INNER_CITY,8020.19,YES,1,YES,NO,YES,NO,NO
ID12576,58,MALE,SUBURBAN,32245.4,YES,3,NO,NO,NO,NO,NO
ID12577,45,MALE,INNER_CITY,41107.2,YES,2,YES,YES,YES,NO,NO
ID12578,49,FEMALE,SUBURBAN,39358.3,YES,0,YES,NO,NO,YES,NO
ID12579,67,FEMALE,INNER_CITY,36095.9,YES,3,YES,YES,YES,NO,NO
ID12580,20,FEMALE,TOWN,7723.93,YES,2,YES,YES,YES,NO,NO
ID12581,43,FEMALE,RURAL,18565.8,YES,1,YES,YES,YES,YES,YES
ID12582,41,MALE,RURAL,25132.9,YES,0,NO,NO,YES,NO,NO
ID12583,38,FEMALE,SUBURBAN,31290.6,YES,0,NO,YES,YES,NO,NO
ID12584,67,FEMALE,SUBURBAN,24858.4,YES,0,NO,NO,YES,YES,YES
ID12585,40,MALE,INNER_CITY,16398.8,NO,1,NO,YES,YES,NO,YES
ID12586,25,FEMALE,SUBURBAN,23287.9,NO,0,NO,NO,YES,YES,YES
ID12587,57,FEMALE,RURAL,50897.6,YES,0,NO,YES,YES,NO,NO
ID12588,32,FEMALE,INNER_CITY,22446.5,NO,1,NO,NO,YES,YES,YES
ID12589,44,MALE,SUBURBAN,23092.1,YES,0,YES,NO,YES,YES,YES
ID12590,30,MALE,TOWN,24867.6,YES,0,YES,YES,NO,NO,NO
ID12591,43,MALE,TOWN,22234.7,YES,0,NO,NO,YES,YES,NO
ID12592,19,FEMALE,INNER_CITY,17371.1,YES,2,YES,YES,YES,NO,NO
ID12593,37,FEMALE,TOWN,29574,YES,0,YES,YES,YES,NO,NO
ID12594,49,MALE,INNER_CITY,17944.2,NO,1,YES,YES,YES,YES,YES
ID12595,49,FEMALE,RURAL,33665.5,NO,3,YES,NO,YES,NO,NO
ID12596,40,MALE,INNER_CITY,36166.2,YES,0,NO,NO,NO,NO,NO
ID12597,33,FEMALE,SUBURBAN,27712.9,NO,2,NO,YES,YES,NO,YES
ID12598,39,MALE,TOWN,22400.7,YES,2,YES,YES,YES,NO,NO
ID12599,43,FEMALE,INNER_CITY,28469.9,YES,0,YES,YES,YES,NO,NO
ID12600,37,MALE,TOWN,30488,YES,0,NO,YES,YES,YES,NO
ID12601,24,FEMALE,TOWN,19160.3,YES,1,YES,YES,YES,NO,YES
ID12602,62,MALE,TOWN,45342.5,YES,0,YES,YES,NO,NO,YES
ID12603,18,MALE,INNER_CITY,6294.21,NO,0,NO,YES,YES,YES,NO
ID12604,47,FEMALE,TOWN,25127.7,YES,0,YES,NO,NO,NO,NO
ID12605,63,MALE,SUBURBAN,51879.3,YES,2,YES,YES,NO,YES,YES
ID12606,20,MALE,TOWN,12644.9,YES,2,YES,NO,YES,YES,NO
ID12607,46,FEMALE,TOWN,21984.4,NO,3,NO,YES,NO,NO,NO
ID12608,47,FEMALE,RURAL,29093.1,NO,2,YES,YES,YES,NO,NO
ID12609,33,MALE,TOWN,23528.4,YES,1,NO,YES,YES,YES,YES
ID12610,20,MALE,TOWN,9516.91,NO,3,YES,YES,YES,NO,NO
ID12611,20,MALE,INNER_CITY,18364.9,YES,1,NO,NO,YES,NO,YES
ID12612,43,FEMALE,TOWN,31273.8,NO,1,YES,YES,NO,NO,YES
ID12613,58,MALE,RURAL,49673.6,YES,0,NO,YES,YES,NO,NO
ID12614,29,MALE,SUBURBAN,12623.4,YES,1,YES,YES,YES,NO,NO
ID12615,25,MALE,INNER_CITY,23818.6,YES,0,NO,NO,NO,NO,NO
ID12616,40,FEMALE,INNER_CITY,31473.9,NO,2,NO,YES,YES,YES,YES
ID12617,48,MALE,TOWN,20268,YES,0,NO,YES,YES,NO,NO
ID12618,65,MALE,SUBURBAN,51417,YES,2,NO,YES,YES,NO,YES
ID12619,59,FEMALE,RURAL,30971.8,YES,3,YES,YES,YES,YES,NO
ID12620,61,FEMALE,INNER_CITY,47025,NO,2,YES,YES,YES,YES,NO
ID12621,30,FEMALE,INNER_CITY,9672.25,YES,0,YES,YES,YES,NO,NO
ID12622,31,FEMALE,TOWN,15976.3,YES,0,YES,YES,NO,NO,YES
ID12623,29,MALE,INNER_CITY,14711.8,YES,0,NO,YES,NO,YES,NO
ID12624,38,MALE,TOWN,26671.6,NO,0,YES,NO,YES,YES,YES
ID12625,48,FEMALE,INNER_CITY,17546,NO,1,NO,NO,NO,NO,YES
ID12626,40,MALE,TOWN,30085.1,YES,3,YES,NO,YES,YES,NO
ID12627,51,FEMALE,INNER_CITY,16575.4,YES,0,YES,YES,YES,NO,NO
ID12628,23,FEMALE,TOWN,20375.4,YES,3,NO,NO,YES,NO,NO
ID12629,57,FEMALE,RURAL,50576.3,YES,0,NO,YES,NO,NO,NO
ID12630,57,FEMALE,TOWN,37869.6,YES,2,NO,YES,YES,NO,YES
ID12631,22,MALE,RURAL,8877.07,NO,0,NO,NO,YES,NO,YES
ID12632,58,MALE,TOWN,24946.6,YES,0,YES,YES,YES,NO,NO
ID12633,37,FEMALE,SUBURBAN,25304.3,YES,2,YES,NO,NO,NO,NO
ID12634,54,MALE,TOWN,24212.1,YES,2,YES,YES,YES,NO,NO
ID12635,66,FEMALE,TOWN,59803.9,YES,0,NO,YES,YES,NO,NO
ID12636,52,FEMALE,INNER_CITY,26658.8,NO,0,YES,YES,YES,YES,NO
ID12637,44,FEMALE,TOWN,15735.8,YES,1,NO,YES,YES,YES,YES
ID12638,66,FEMALE,TOWN,55204.7,YES,1,YES,YES,YES,YES,YES
ID12639,36,MALE,RURAL,19474.6,YES,0,NO,YES,YES,YES,NO
ID12640,38,FEMALE,INNER_CITY,22342.1,YES,0,YES,YES,YES,YES,NO
ID12641,37,FEMALE,TOWN,17729.8,YES,2,NO,NO,NO,YES,NO
ID12642,46,FEMALE,SUBURBAN,41016,YES,0,NO,YES,NO,YES,NO
ID12643,62,FEMALE,INNER_CITY,26909.2,YES,0,NO,YES,NO,NO,YES
ID12644,31,MALE,TOWN,22522.8,YES,0,YES,YES,YES,NO,NO
ID12645,61,MALE,INNER_CITY,57880.7,YES,2,NO,YES,NO,NO,YES
ID12646,50,MALE,TOWN,16497.3,YES,2,NO,YES,YES,NO,NO
ID12647,54,MALE,INNER_CITY,38446.6,YES,0,NO,YES,YES,NO,NO
ID12648,27,FEMALE,TOWN,15538.8,NO,0,YES,YES,YES,YES,NO
ID12649,22,MALE,INNER_CITY,12640.3,NO,2,YES,YES,YES,NO,NO
ID12650,56,MALE,INNER_CITY,41034,YES,0,YES,YES,YES,YES,NO
ID12651,45,MALE,INNER_CITY,20809.7,YES,0,NO,YES,YES,YES,NO
ID12652,39,FEMALE,TOWN,20114,YES,1,NO,NO,YES,NO,YES
ID12653,39,FEMALE,INNER_CITY,29359.1,NO,3,YES,NO,YES,YES,NO
ID12654,61,MALE,RURAL,24270.1,YES,1,NO,NO,YES,NO,YES
ID12655,61,FEMALE,RURAL,22942.9,YES,2,NO,YES,YES,NO,NO
ID12656,20,FEMALE,TOWN,16325.8,YES,2,NO,YES,NO,NO,NO
ID12657,45,MALE,SUBURBAN,23443.2,YES,1,YES,YES,YES,NO,YES
ID12658,33,FEMALE,INNER_CITY,29921.3,NO,3,YES,YES,NO,NO,NO
ID12659,43,MALE,SUBURBAN,37521.9,NO,0,NO,YES,YES,NO,YES
ID12660,27,FEMALE,INNER_CITY,19868,YES,2,NO,YES,YES,NO,NO
ID12661,19,MALE,RURAL,10953,YES,3,YES,YES,YES,NO,NO
ID12662,36,FEMALE,RURAL,13381,NO,0,YES,NO,YES,NO,YES
ID12663,43,FEMALE,TOWN,18504.3,YES,0,YES,YES,YES,NO,NO
ID12664,66,FEMALE,SUBURBAN,25391.5,NO,2,NO,NO,YES,NO,NO
ID12665,55,MALE,TOWN,26774.2,YES,0,NO,NO,YES,YES,YES
ID12666,47,FEMALE,INNER_CITY,26952.6,YES,0,YES,NO,YES,NO,NO
ID12667,67,MALE,TOWN,55716.5,NO,2,YES,YES,NO,NO,YES
ID12668,32,FEMALE,TOWN,27571.5,YES,0,YES,NO,YES,YES,NO
ID12669,20,MALE,INNER_CITY,13740,NO,2,YES,YES,YES,YES,NO
ID12670,64,MALE,INNER_CITY,52670.6,YES,2,NO,YES,YES,YES,YES
ID12671,50,FEMALE,INNER_CITY,13283.9,NO,1,YES,YES,YES,NO,YES
ID12672,29,MALE,INNER_CITY,13106.6,NO,2,NO,YES,YES,YES,YES
ID12673,52,MALE,INNER_CITY,39547.8,NO,2,YES,NO,YES,NO,YES
ID12674,47,FEMALE,RURAL,17867.3,YES,2,YES,YES,NO,NO,NO
ID12675,24,MALE,TOWN,14309.7,NO,2,YES,YES,NO,NO,NO
ID12676,36,MALE,TOWN,23894.8,YES,0,NO,NO,NO,NO,NO
ID12677,43,MALE,TOWN,16259.7,YES,1,NO,YES,YES,NO,YES
ID12678,48,MALE,SUBURBAN,29794.1,NO,1,NO,YES,YES,NO,YES
ID12679,63,MALE,TOWN,56842.5,YES,0,NO,YES,YES,YES,NO
ID12680,52,FEMALE,RURAL,47835.8,NO,3,NO,YES,NO,NO,YES
ID12681,58,FEMALE,INNER_CITY,24977.5,NO,0,NO,NO,YES,NO,YES
ID12682,28,MALE,INNER_CITY,23124.9,YES,0,NO,YES,YES,NO,YES
ID12683,29,FEMALE,INNER_CITY,15143.8,YES,0,NO,NO,YES,NO,NO
ID12684,34,MALE,INNER_CITY,25334.3,NO,1,YES,YES,YES,YES,YES
ID12685,42,FEMALE,INNER_CITY,24763.3,YES,1,NO,YES,YES,YES,YES
ID12686,65,FEMALE,INNER_CITY,36589,NO,1,YES,NO,YES,NO,YES
ID12687,47,MALE,INNER_CITY,27022.6,YES,2,NO,YES,YES,NO,NO
ID12688,20,MALE,INNER_CITY,11700.4,YES,0,NO,YES,NO,NO,NO
ID12689,21,MALE,TOWN,5014.21,NO,0,YES,YES,YES,YES,NO
ID12690,42,MALE,INNER_CITY,17390.1,YES,0,NO,YES,YES,NO,NO
ID12691,19,MALE,TOWN,10861,NO,2,NO,YES,YES,NO,NO
ID12692,41,FEMALE,TOWN,34892.9,NO,0,NO,YES,YES,YES,NO
ID12693,30,MALE,TOWN,19403.1,NO,2,NO,YES,YES,NO,NO
ID12694,31,FEMALE,RURAL,10441.9,YES,2,NO,NO,YES,NO,YES
ID12695,25,MALE,INNER_CITY,14064.9,YES,3,YES,YES,YES,NO,NO
ID12696,21,MALE,INNER_CITY,8062.73,NO,0,NO,NO,YES,NO,YES
ID12697,36,MALE,INNER_CITY,31982,YES,3,YES,YES,YES,YES,YES
ID12698,58,FEMALE,INNER_CITY,23197.5,YES,2,NO,YES,NO,YES,NO
ID12699,64,FEMALE,INNER_CITY,52674,NO,2,YES,YES,YES,NO,YES
ID12700,59,FEMALE,RURAL,35610.5,NO,2,YES,NO,NO,NO,YES
